{"losses": [0.6874596050807408, 0.6577148990971702, 0.6252093442848751, 0.5840762002127511, 0.5320414858204978, 0.4712999824966703, 0.4063671827316284, 0.34348596206733156, 0.2872489116021565, 0.2394247321145875, 0.2000254254255976, 0.1681259199976921, 0.1426048826958452, 0.1221372362758432, 0.10563565098813602, 0.09222560482365745, 0.0812629626265594, 0.07223489561251231, 0.06468631540025983, 0.058343006297945976, 0.05290810790445123, 0.048301189871771, 0.04423098399170807, 0.04082595982721874, 0.03763601130672863, 0.03518290990697486, 0.03253321136747088, 0.030728842663977827, 0.028701624034770896, 0.02698604536375829, 0.025374202989041805, 0.02393619902431965, 0.022600812438343252, 0.021450183420841182, 0.020325600768306425, 0.01934888180611389, 0.018387936986982822, 0.017573283918734108, 0.01674698293209076, 0.0160741229940738, 0.015358972496220044], "train_accs": [0.7875714285714286, 0.8772857142857143, 0.8915714285714286, 0.9271428571428572, 0.9415714285714286, 0.9604285714285715, 0.977857142857143, 0.9914285714285714, 0.9954285714285713, 0.9964285714285712, 0.9974285714285713, 0.9975714285714286, 0.9978571428571428, 0.9978571428571428, 0.9981428571428571, 0.9985714285714284, 0.9985714285714284, 0.9985714285714284, 0.9987142857142857, 0.9987142857142857, 0.9988571428571429, 0.9988571428571429, 0.999, 0.999, 0.999, 0.999, 0.999, 0.999, 0.999, 0.999, 0.999, 0.9991428571428571, 0.9991428571428571, 0.9991428571428571, 0.9994285714285713, 0.9995714285714286, 0.9995714285714286, 0.9995714285714286, 0.9995714285714286, 0.9995714285714286, 0.9995714285714286], "test_accs": [0.779, 0.8753333333333334, 0.8866666666666667, 0.9226666666666667, 0.9373333333333332, 0.9520000000000001, 0.9733333333333333, 0.9859999999999999, 0.9939999999999999, 0.9970000000000002, 0.9976666666666668, 0.9976666666666668, 0.9983333333333334, 0.9986666666666667, 0.9986666666666667, 0.9986666666666667, 0.9986666666666667, 0.9986666666666667, 0.9986666666666667, 0.9986666666666667, 0.9986666666666667, 0.9986666666666667, 0.9986666666666667, 0.9986666666666667, 0.9986666666666667, 0.9986666666666667, 0.9986666666666667, 0.9986666666666667, 0.9986666666666667, 0.9986666666666667, 0.9986666666666667, 0.9986666666666667, 0.9986666666666667, 0.9986666666666667, 0.9986666666666667, 0.9986666666666667, 0.999, 0.999, 0.999, 0.9986666666666668, 0.999]}