{"losses": [0.6963232585362026, 0.6858565381595066, 0.6769151517323085, 0.66768821648189, 0.6580689719745091, 0.6473478419440133, 0.6352761387825012, 0.6219250048909869, 0.606731287070683, 0.5898850985935756, 0.5712625214031765, 0.5509373801095145, 0.5294551764215741, 0.5066235618931907, 0.4830762233052935, 0.45913594535418917, 0.43502154520579744, 0.41118388516562326, 0.38793037618909565, 0.3656010925769806, 0.34447637626102995, 0.3245608466012137, 0.3059870387826647, 0.28858791504587444, 0.2724588087626866, 0.2576463520526886, 0.24374316845621383, 0.23090666958263942, 0.21894481778144836, 0.20779111981391907, 0.19732586187975748, 0.1875807068177632, 0.1784195282629558, 0.1699782907962799, 0.16209881007671356, 0.1546715306384223, 0.14780146096433913, 0.1414108851126262, 0.13526355368750437, 0.12960524750607355, 0.12426323550088066, 0.11921576623405729, 0.11447928100824356, 0.11000233675752367, 0.10585506686142512, 0.10190994398934501, 0.09809641327176775, 0.09458809345960617, 0.09128689340182713, 0.08810956882578987], "train_accs": [0.5315714285714285, 0.7102857142857142, 0.8332857142857143, 0.8694285714285714, 0.9061428571428571, 0.9252857142857144, 0.9339999999999999, 0.9462857142857144, 0.9610000000000001, 0.9731428571428571, 0.9818571428571429, 0.9845714285714285, 0.9868571428571429, 0.9885714285714287, 0.9898571428571429, 0.9907142857142857, 0.9912857142857144, 0.9922857142857142, 0.9941428571428572, 0.9945714285714286, 0.9948571428571429, 0.995, 0.9954285714285714, 0.9958571428571429, 0.9959999999999999, 0.9968571428571428, 0.9971428571428571, 0.9974285714285714, 0.9975714285714287, 0.9978571428571428, 0.998, 0.998, 0.998, 0.9981428571428571, 0.9982857142857142, 0.9984285714285714, 0.9984285714285714, 0.9985714285714284, 0.9987142857142857, 0.9988571428571428, 0.9987142857142857, 0.9987142857142857, 0.9988571428571429, 0.9988571428571429, 0.9988571428571429, 0.9988571428571429, 0.9988571428571429, 0.999, 0.999, 0.999], "test_accs": [0.5186666666666667, 0.694, 0.8193333333333334, 0.8586666666666667, 0.8993333333333333, 0.9170000000000001, 0.9236666666666666, 0.9329999999999999, 0.9516666666666667, 0.967, 0.9773333333333333, 0.9793333333333333, 0.9826666666666667, 0.9846666666666667, 0.9870000000000001, 0.988, 0.9886666666666667, 0.9896666666666668, 0.9916666666666667, 0.993, 0.9936666666666666, 0.995, 0.9953333333333333, 0.996, 0.996, 0.9963333333333333, 0.9966666666666666, 0.9966666666666667, 0.9966666666666667, 0.9973333333333333, 0.9976666666666666, 0.9980000000000001, 0.9980000000000001, 0.9979999999999999, 0.9980000000000001, 0.9983333333333334, 0.9983333333333334, 0.9983333333333334, 0.9983333333333334, 0.9986666666666667, 0.9983333333333334, 0.9986666666666667, 0.9986666666666667, 0.9986666666666667, 0.9986666666666667, 0.9986666666666667, 0.9986666666666667, 0.9986666666666667, 0.9986666666666667, 0.9986666666666667]}