{"losses": [0.6853628270328045, 0.6514351814985275, 0.6121562495827675, 0.5599500313401222, 0.4942587558180094, 0.4205213338136673, 0.34781287610530853, 0.28364612720906734, 0.23049744311720133, 0.18805310782045126, 0.15483174473047256, 0.1290622684173286, 0.10902475006878376, 0.09324670536443591, 0.08072607591748238, 0.07059882441535592, 0.062477222410961986, 0.05558448005467653, 0.05013467441312969, 0.04492901801131666, 0.04138851631432772, 0.037314811954274774, 0.03486893745139241, 0.031821452430449426, 0.02986507338937372, 0.027431921451352537, 0.02576335205230862, 0.023849047487601638, 0.022695797379128635, 0.021074363845400512, 0.020084745716303587, 0.018737454782240093, 0.018007241014856845, 0.016828220686875284, 0.016236372757703066, 0.015219357854221016, 0.014779255667235702, 0.013859812635928392, 0.0135337442625314, 0.012708537105936557, 0.012462797050829977], "train_accs": [0.79725, 0.88325, 0.9135, 0.937875, 0.95675, 0.9764999999999999, 0.9915, 0.9961249999999999, 0.997, 0.9975, 0.997625, 0.998, 0.998, 0.9984999999999999, 0.998625, 0.998625, 0.998625, 0.99875, 0.998875, 0.998875, 0.999, 0.999, 0.99925, 0.99925, 0.99925, 0.99925, 0.99925, 0.99925, 0.99925, 0.999375, 0.999375, 0.999375, 0.9995, 0.999625, 0.999625, 0.999625, 0.999625, 0.999625, 0.999625, 0.999625, 0.999625], "test_accs": [0.8055000000000001, 0.886, 0.9105, 0.9335, 0.947, 0.973, 0.9875, 0.996, 0.999, 0.999, 0.9995, 0.9995, 0.9995, 0.9995, 0.9995, 0.9995, 0.9995, 0.9995, 0.9995, 0.9995, 0.9995, 0.9995, 0.9995, 0.9995, 0.9995, 0.9995, 0.9995, 0.9995, 0.9995, 0.9995, 0.9995, 0.9995, 0.9995, 0.9995, 0.9995, 0.9995, 0.9995, 0.9995, 0.9995, 0.9995, 0.9995]}