{"losses": [0.6849712984902518, 0.6700515065874372, 0.6563405309404645, 0.6414040667670113, 0.6242432253701347, 0.603884892804282, 0.5795706765992301, 0.5506985272680011, 0.5171305452074323, 0.479617463690894, 0.4396888826574598, 0.398414032799857, 0.3583635219505855, 0.32075509428977966, 0.28651896119117737, 0.25605128492627827, 0.229140219943864, 0.2055375086409705, 0.18483148515224457, 0.1667737982102803], "train_accs": [0.8742857142857144, 0.8794285714285713, 0.8897142857142857, 0.9015714285714287, 0.9152857142857143, 0.932142857142857, 0.948142857142857, 0.9602857142857142, 0.9762857142857142, 0.9859999999999999, 0.9912857142857143, 0.9945714285714286, 0.9964285714285716, 0.9974285714285713, 0.9977142857142857, 0.9977142857142857, 0.998, 0.9981428571428571, 0.9981428571428571, 0.9984285714285714], "test_accs": [0.8603333333333333, 0.8643333333333333, 0.875, 0.8846666666666666, 0.8976666666666667, 0.9156666666666666, 0.9366666666666665, 0.9493333333333333, 0.9653333333333333, 0.9786666666666667, 0.9856666666666666, 0.9906666666666667, 0.993, 0.9946666666666667, 0.9956666666666667, 0.9956666666666667, 0.9966666666666667, 0.9966666666666667, 0.9966666666666667, 0.9966666666666667]}