{"losses": [1271392.0, 874534.0, 178818.0, 65641.0, 23914.0, 36134.0, 2692.0, 553.0, 650.0, 418.0, 382.0, 346.0, 310.0, 274.0, 238.0, 202.0, 170.0, 143.0, 116.0, 89.0, 62.0, 36.0, 9.0, 0], "train_accs": [0.9482857142857143, 0.9854285714285714, 0.9892857142857143, 0.9932857142857143, 0.9955714285714286, 0.9967142857142857, 0.9985714285714286, 0.999, 0.9992857142857143, 0.9995714285714286, 0.9995714285714286, 0.9995714285714286, 0.9995714285714286, 0.9995714285714286, 0.9995714285714286, 0.9995714285714286, 0.9997142857142857, 0.9997142857142857, 0.9997142857142857, 0.9997142857142857, 0.9997142857142857, 0.9995714285714286, 0.9997142857142857, 1.0], "test_accs": [0.9686666666666667, 0.9803333333333333, 0.9873333333333333, 0.9903333333333333, 0.9916666666666667, 0.992, 0.9926666666666667, 0.993, 0.993, 0.993, 0.9933333333333333, 0.9933333333333333, 0.9933333333333333, 0.9933333333333333, 0.9936666666666667, 0.9936666666666667, 0.994, 0.994, 0.9943333333333333, 0.9943333333333333, 0.9943333333333333, 0.9943333333333333, 0.9943333333333333, 0.9943333333333333]}