{"losses": [1435971.0, 726851.0, 361290.0, 45497.0, 551629.0, 543937.0, 547903.0, 729118.0, 488955.0, 560101.0, 547516.0, 719699.0, 699458.0, 663935.0, 658942.0, 692946.0, 628248.0, 853535.0, 713955.0, 651199.0, 704196.0, 710217.0, 702975.0, 731176.0, 739873.0, 724746.0, 727284.0, 679470.0, 704082.0, 699703.0, 740125.0, 728077.0, 739072.0, 645157.0, 702512.0, 760771.0, 762539.0, 759356.0, 752756.0, 745513.0, 752340.0, 745470.0, 751740.0, 750496.0, 751365.0, 750101.0, 750990.0, 750760.0, 749561.0, 750441.0], "train_accs": [0.9515714285714286, 0.9854285714285714, 0.9858571428571429, 0.9948571428571429, 0.9895714285714285, 0.9914285714285714, 0.9902857142857143, 0.9907142857142858, 0.991, 0.9917142857142857, 0.9935714285714285, 0.9951428571428571, 0.9938571428571429, 0.9951428571428571, 0.9947142857142857, 0.9954285714285714, 0.9947142857142857, 0.9922857142857143, 0.996, 0.9951428571428571, 0.9958571428571429, 0.9968571428571429, 0.9962857142857143, 0.9975714285714286, 0.9944285714285714, 0.9967142857142857, 0.9977142857142857, 0.9951428571428571, 0.9965714285714286, 0.9967142857142857, 0.9977142857142857, 0.9987142857142857, 0.9984285714285714, 0.9977142857142857, 0.9977142857142857, 0.9978571428571429, 0.9977142857142857, 0.9977142857142857, 0.9988571428571429, 0.9991428571428571, 0.9994285714285714, 0.9994285714285714, 0.9995714285714286, 0.9994285714285714, 0.9995714285714286, 0.9994285714285714, 0.9995714285714286, 0.9995714285714286, 0.9994285714285714, 0.9997142857142857], "test_accs": [0.9873333333333333, 0.956, 0.99, 0.9903333333333333, 0.9883333333333333, 0.9836666666666667, 0.984, 0.9886666666666667, 0.989, 0.982, 0.9836666666666667, 0.9836666666666667, 0.9863333333333333, 0.986, 0.9846666666666667, 0.983, 0.9856666666666667, 0.9893333333333333, 0.9903333333333333, 0.9796666666666667, 0.985, 0.9786666666666667, 0.9776666666666667, 0.9796666666666667, 0.9863333333333333, 0.986, 0.9876666666666667, 0.9836666666666667, 0.979, 0.9803333333333333, 0.9833333333333333, 0.9823333333333333, 0.9826666666666667, 0.9873333333333333, 0.979, 0.982, 0.9803333333333333, 0.9796666666666667, 0.9826666666666667, 0.982, 0.9853333333333333, 0.9826666666666667, 0.983, 0.983, 0.983, 0.983, 0.983, 0.9833333333333333, 0.9833333333333333, 0.9833333333333333]}