{"losses": [1293204.0, 358742.0, 125203.0, 50671.0, 8692.0, 5032.0, 3668.0, 1919.0, 521.0, 5202.0, 893.0, 422.0, 385.0, 348.0, 311.0, 274.0, 237.0, 200.0, 172.0, 146.0, 120.0, 105.0, 96.0, 83.0, 71.0, 59.0, 51.0, 38.0, 26.0, 14.0, 2.0, 0.0, 0], "train_accs": [0.9494285714285714, 0.9832857142857143, 0.9907142857142858, 0.9955714285714286, 0.998, 0.9981428571428571, 0.9984285714285714, 0.999, 0.9994285714285714, 0.9974285714285714, 0.9992857142857143, 0.9995714285714286, 0.9995714285714286, 0.9995714285714286, 0.9995714285714286, 0.9995714285714286, 0.9995714285714286, 0.9995714285714286, 0.9997142857142857, 0.9997142857142857, 0.9997142857142857, 0.9998571428571429, 0.9997142857142857, 0.9998571428571429, 0.9998571428571429, 0.9998571428571429, 0.9997142857142857, 0.9998571428571429, 0.9998571428571429, 0.9998571428571429, 0.9998571428571429, 0.9998571428571429, 1.0], "test_accs": [0.9723333333333334, 0.978, 0.9913333333333333, 0.992, 0.9926666666666667, 0.993, 0.993, 0.9936666666666667, 0.9926666666666667, 0.993, 0.9943333333333333, 0.9943333333333333, 0.9943333333333333, 0.9943333333333333, 0.9943333333333333, 0.9943333333333333, 0.9943333333333333, 0.994, 0.994, 0.994, 0.9936666666666667, 0.9936666666666667, 0.9936666666666667, 0.9936666666666667, 0.9936666666666667, 0.9936666666666667, 0.9936666666666667, 0.9936666666666667, 0.9936666666666667, 0.9936666666666667, 0.9936666666666667, 0.9936666666666667, 0.9936666666666667]}