{"losses": [1191796.0, 920875.0, 161486.0, 50318.0, 60845.0, 117515.0, 24384.0, 18774.0, 22412.0, 5256.0, 894.0, 578.0, 546.0, 29978.0, 523.0, 426.0, 389.0, 352.0, 312.0, 293.0, 264.0, 238.0, 38398.0, 26925.0, 24070.0, 334.0, 182.0, 156.0, 136.0, 108.0, 89.0, 77.0, 68.0, 55.0, 43.0, 31.0, 19.0, 7.0, 0.0, 0], "train_accs": [0.955625, 0.98525, 0.991, 0.99575, 0.9955, 0.992375, 0.99675, 0.99775, 0.997125, 0.9985, 0.99925, 0.999625, 0.9995, 0.9985, 0.99925, 0.999625, 0.999625, 0.999625, 0.99975, 0.999625, 0.99975, 0.99975, 0.997625, 0.998625, 0.99875, 0.99925, 0.99975, 0.99975, 0.999625, 0.99975, 0.999875, 0.999875, 0.99975, 0.999875, 0.999875, 0.999875, 0.999875, 0.999875, 0.999875, 1.0], "test_accs": [0.9825, 0.9735, 0.9905, 0.9905, 0.9845, 0.992, 0.9915, 0.991, 0.9925, 0.9915, 0.9925, 0.9925, 0.9925, 0.9905, 0.9925, 0.9925, 0.9925, 0.993, 0.993, 0.993, 0.993, 0.993, 0.9925, 0.992, 0.9905, 0.992, 0.992, 0.992, 0.992, 0.992, 0.992, 0.992, 0.992, 0.992, 0.9915, 0.9915, 0.9915, 0.9915, 0.9915, 0.9915]}